Sheet	Source	Pg. #
Adventure	Rules Cyclopedia	298
Character	AC6 Player Character Record Sheets	1
Character	GAZ14 The Atruaghin Clans: Player's Guide	63
Character	GAZ15 Dawn of the Emperors: Thyatis and Alphatia: Book #1: The Dungeon Master's Sourcebook	118
Character	Hollow World: Campaign Set: Player's Guide	63
Character	Rules Cyclopedia	296
Character: Flying Monster	GAZ15 Dawn of the Emperors: Thyatis and Alphatia: Book #1: The Dungeon Master's Sourcebook	26
Character: Flying Monster	PC2 Top Ballista: DMs Booklet	65
Character: Immortal	Wrath of the Immortals: Book #1: Codex of the Immortals	129
Character: Orcish Hero	GAZ10 The Orcs of Thar: Player's Pull-Out Section	47
Character: Sea Person	PC3 The Sea People: The Sea Peoples Book	65
Character: Shadow Elf	GAZ13 The Shadow Elves: Dungeon Master's Guide	64
Character: Woodland	PC1 Tall Tales of the Wee Folk: Adventures Booklet	31
Magic Item Creation	GAZ15 Dawn of the Emperors: Thyatis and Alphatia: Book #1: The Dungeon Master's Sourcebook	24
Skyship	Champions of Mystara: Designer's Manual	64
Spell	GAZ15 Dawn of the Emperors: Thyatis and Alphatia: Book #1: The Dungeon Master's Sourcebook	22
Spell	Rules Cyclopedia	297
